﻿<?xml version="1.0" encoding="UTF-8"?>
<Ejercicio_LMSGI>  
<ComunidadesAutonomas>
    <ComunidadAutonoma codigo="CA01">
        <NombreCA>Andalucía</NombreCA>
        <NumeroProvincias>8</NumeroProvincias>
        <NumeroHabitantes>8414240</NumeroHabitantes>
        <Extension>87599</Extension>
    </ComunidadAutonoma>
    <ComunidadAutonoma codigo="CA02">
        <NombreCA>Cataluña</NombreCA>
        <NumeroProvincias>4</NumeroProvincias>
        <NumeroHabitantes>7669950</NumeroHabitantes>
        <Extension>32114</Extension>
    </ComunidadAutonoma>
    <ComunidadAutonoma codigo="CA03">
        <NombreCA>Comunidad de Madrid</NombreCA>
        <NumeroProvincias>1</NumeroProvincias>
        <NumeroHabitantes>6779888</NumeroHabitantes>
        <Extension>8029</Extension>
    </ComunidadAutonoma>
    <ComunidadAutonoma codigo="CA04">
        <NombreCA>Comunidad Valenciana</NombreCA>
        <NumeroProvincias>3</NumeroProvincias>
        <NumeroHabitantes>5045634</NumeroHabitantes>
        <Extension>23255</Extension>
    </ComunidadAutonoma>
    <ComunidadAutonoma codigo="CA05">
       <NombreCA>Galicia</NombreCA>
        <NumeroProvincias>4</NumeroProvincias>
        <NumeroHabitantes>2699499</NumeroHabitantes>
        <Extension>29574</Extension>
    </ComunidadAutonoma>
    <ComunidadAutonoma codigo="CA06">
        <NombreCA>Castilla y León</NombreCA>
        <NumeroProvincias>9</NumeroProvincias>
        <NumeroHabitantes>2409245</NumeroHabitantes>
        <Extension>94223</Extension>
    </ComunidadAutonoma>
    <ComunidadAutonoma codigo="CA07">
        <NombreCA>País Vasco</NombreCA>
        <NumeroProvincias>3</NumeroProvincias>
        <NumeroHabitantes>2207776</NumeroHabitantes>
        <Extension>7234</Extension>
    </ComunidadAutonoma>
      <ComunidadAutonoma codigo="CA15">
        <NombreCA>Baleares</NombreCA>
        <NumeroProvincias>1</NumeroProvincias>
        <NumeroHabitantes>1187808</NumeroHabitantes>
        <Extension>4992</Extension>
    </ComunidadAutonoma>
    <ComunidadAutonoma codigo="CA16">
        <NombreCA>Cantabria</NombreCA>
        <NumeroProvincias>1</NumeroProvincias>
        <NumeroHabitantes>582905</NumeroHabitantes>
        <Extension>5321</Extension>
    </ComunidadAutonoma>
</ComunidadesAutonomas>
<!-- 
Datos sobre algunas ciudades españolas de más de 30000 habitantes
-->
<Ciudades>
		<Ciudad>
            <Nombre>Sevilla</Nombre>
            <CCAA>CA01</CCAA>
            <Estadisticas>
                <Demograficas>
                    <NumeroHabitantes>688711</NumeroHabitantes>
                    <NumeroHijosPorMujer>1.3</NumeroHijosPorMujer>
                    <PorcentajeMayores65>19.7</PorcentajeMayores65>
                </Demograficas>
                <Economicas>
                    <RentaPerCapita>19000</RentaPerCapita>
                    <TasaDesempleo>21.5</TasaDesempleo>
                </Economicas>
            </Estadisticas>
            <PatrimonioArquitectonico>
                <Elemento>
                    <Nombre>Catedral de Sevilla</Nombre>
                    <SigloOrigen>XVI</SigloOrigen>
                </Elemento>
            </PatrimonioArquitectonico>
        </Ciudad>
        <Ciudad>
            <Nombre>Granada</Nombre>
			      <CCAA>CA01</CCAA>
            <Estadisticas>
                <Demograficas>
                    <NumeroHabitantes>232462</NumeroHabitantes>
                    <NumeroHijosPorMujer>1.2</NumeroHijosPorMujer>
                    <PorcentajeMayores65>20.1</PorcentajeMayores65>
                </Demograficas>
                <Economicas>
                    <RentaPerCapita>18000</RentaPerCapita>
                    <TasaDesempleo>22.3</TasaDesempleo>
                </Economicas>
            </Estadisticas>
            <PatrimonioArquitectonico>
                <Elemento>
                    <Nombre>Alhambra</Nombre>
                    <SigloOrigen>XIII</SigloOrigen>
                </Elemento>
            </PatrimonioArquitectonico>
        </Ciudad>
        <Ciudad>
            <Nombre>Córdoba</Nombre>
			      <CCAA>CA01</CCAA>
            <Estadisticas>
                <Demograficas>
                    <NumeroHabitantes>325708</NumeroHabitantes>
                    <NumeroHijosPorMujer>1.1</NumeroHijosPorMujer>
                    <PorcentajeMayores65>21.3</PorcentajeMayores65>
                </Demograficas>
                <Economicas>
                    <RentaPerCapita>17500</RentaPerCapita>
                    <TasaDesempleo>24.1</TasaDesempleo>
                </Economicas>
            </Estadisticas>
            <PatrimonioArquitectonico>
                <Elemento>
                    <Nombre>Mezquita-Catedral</Nombre>
                    <SigloOrigen>VIII</SigloOrigen>
                </Elemento>
            </PatrimonioArquitectonico>
        </Ciudad>
        <Ciudad>
            <Nombre>Barcelona</Nombre>
			      <CCAA>CA02</CCAA>
            <Estadisticas>
                <Demograficas>
                    <NumeroHabitantes>1620343</NumeroHabitantes>
                    <NumeroHijosPorMujer>1.4</NumeroHijosPorMujer>
                    <PorcentajeMayores65>18.4</PorcentajeMayores65>
                </Demograficas>
                <Economicas>
                    <RentaPerCapita>28000</RentaPerCapita>
                    <TasaDesempleo>12.1</TasaDesempleo>
                </Economicas>
            </Estadisticas>
            <PatrimonioArquitectonico>
                <Elemento>
                    <Nombre>Sagrada Familia</Nombre>
                    <SigloOrigen>XX</SigloOrigen>
                </Elemento>
            </PatrimonioArquitectonico>
        </Ciudad>
        <Ciudad>
            <Nombre>Girona</Nombre>
			      <CCAA>CA02</CCAA>
            <Estadisticas>
                <Demograficas>
                    <NumeroHabitantes>101852</NumeroHabitantes>
                    <NumeroHijosPorMujer>1.3</NumeroHijosPorMujer>
                    <PorcentajeMayores65>19.2</PorcentajeMayores65>
                </Demograficas>
                <Economicas>
                    <RentaPerCapita>25000</RentaPerCapita>
                    <TasaDesempleo>11.0</TasaDesempleo>
                </Economicas>
            </Estadisticas>
            <PatrimonioArquitectonico>
                <Elemento>
                    <Nombre>Catedral de Girona</Nombre>
                    <SigloOrigen>XI</SigloOrigen>
                </Elemento>
            </PatrimonioArquitectonico>
        </Ciudad>
        <Ciudad>
            <Nombre>Lleida</Nombre>
			      <CCAA>CA02</CCAA>
            <Estadisticas>
                <Demograficas>
                    <NumeroHabitantes>138144</NumeroHabitantes>
                    <NumeroHijosPorMujer>1.2</NumeroHijosPorMujer>
                    <PorcentajeMayores65>17.9</PorcentajeMayores65>
                </Demograficas>
                <Economicas>
                    <RentaPerCapita>23000</RentaPerCapita>
                    <TasaDesempleo>13.5</TasaDesempleo>
                </Economicas>
            </Estadisticas>
            <PatrimonioArquitectonico>
                <Elemento>
                    <Nombre>La Seu Vella</Nombre>
                    <SigloOrigen>XIII</SigloOrigen>
                </Elemento>
            </PatrimonioArquitectonico>
        </Ciudad>
        <Ciudad>
            <Nombre>Madrid</Nombre>
			      <CCAA>CA03</CCAA>
            <Estadisticas>
                <Demograficas>
                    <NumeroHabitantes>3266126</NumeroHabitantes>
                    <NumeroHijosPorMujer>1.5</NumeroHijosPorMujer>
                    <PorcentajeMayores65>16.9</PorcentajeMayores65>
                </Demograficas>
                <Economicas>
                    <RentaPerCapita>35000</RentaPerCapita>
                    <TasaDesempleo>11.0</TasaDesempleo>
                </Economicas>
            </Estadisticas>
            <PatrimonioArquitectonico>
                <Elemento>
                    <Nombre>Palacio Real</Nombre>
                    <SigloOrigen>XVIII</SigloOrigen>
                </Elemento>
            </PatrimonioArquitectonico>
        </Ciudad>
        <Ciudad>
            <Nombre>Alcalá de Henares</Nombre>
            <CCAA>CA03</CCAA>
            <Estadisticas>
                <Demograficas>
                    <NumeroHabitantes>195649</NumeroHabitantes>
                    <NumeroHijosPorMujer>1.3</NumeroHijosPorMujer>
                    <PorcentajeMayores65>15.7</PorcentajeMayores65>
                </Demograficas>
                <Economicas>
                    <RentaPerCapita>24000</RentaPerCapita>
                    <TasaDesempleo>12.0</TasaDesempleo>
                </Economicas>
            </Estadisticas>
            <PatrimonioArquitectonico>
                <Elemento>
                    <Nombre>Universidad de Alcalá</Nombre>
                    <SigloOrigen>XVI</SigloOrigen>
                </Elemento>
            </PatrimonioArquitectonico>
        </Ciudad>
        <Ciudad>
            <Nombre>Getafe</Nombre>
			      <CCAA>CA03</CCAA>
            <Estadisticas>
                <Demograficas>
                    <NumeroHabitantes>180747</NumeroHabitantes>
                    <NumeroHijosPorMujer>1.4</NumeroHijosPorMujer>
                    <PorcentajeMayores65>14.2</PorcentajeMayores65>
                </Demograficas>
                <Economicas>
                    <RentaPerCapita>22000</RentaPerCapita>
                    <TasaDesempleo>13.5</TasaDesempleo>
                </Economicas>
            </Estadisticas>
            <PatrimonioArquitectonico>
                <Elemento>
                    <Nombre>Cerro de los Ángeles</Nombre>
                    <SigloOrigen>XX</SigloOrigen>
                </Elemento>
            </PatrimonioArquitectonico>
        </Ciudad>
        <Ciudad>
            <Nombre>Santiago de Compostela</Nombre>
            <CCAA>CA05</CCAA>
            <Estadisticas>
                <Demograficas>
                    <NumeroHabitantes>97539</NumeroHabitantes>
                    <NumeroHijosPorMujer>1.2</NumeroHijosPorMujer>
                    <PorcentajeMayores65>21.1</PorcentajeMayores65>
                </Demograficas>
                <Economicas>
                    <RentaPerCapita>22000</RentaPerCapita>
                    <TasaDesempleo>10.5</TasaDesempleo>
                </Economicas>
            </Estadisticas>
            <PatrimonioArquitectonico>
                <Elemento>
                    <Nombre>Catedral de Santiago</Nombre>
                    <SigloOrigen>XI</SigloOrigen>
                </Elemento>
            </PatrimonioArquitectonico>
        </Ciudad>
        <Ciudad>
            <Nombre>Vigo</Nombre>
			      <CCAA>CA05</CCAA>
            <Estadisticas>
                <Demograficas>
                    <NumeroHabitantes>295364</NumeroHabitantes>
                    <NumeroHijosPorMujer>1.3</NumeroHijosPorMujer>
                    <PorcentajeMayores65>20.8</PorcentajeMayores65>
                </Demograficas>
                <Economicas>
                    <RentaPerCapita>23000</RentaPerCapita>
                    <TasaDesempleo>12.5</TasaDesempleo>
                </Economicas>
            </Estadisticas>
            <PatrimonioArquitectonico>
                <Elemento>
                    <Nombre>Castillo del Castro</Nombre>
                    <SigloOrigen>XVI</SigloOrigen>
                </Elemento>
            </PatrimonioArquitectonico>
        </Ciudad>
        <Ciudad>
            <Nombre>A Coruña</Nombre>
			      <CCAA>CA05</CCAA>
            <Estadisticas>
                <Demograficas>
                    <NumeroHabitantes>245711</NumeroHabitantes>
                    <NumeroHijosPorMujer>1.2</NumeroHijosPorMujer>
                    <PorcentajeMayores65>22.3</PorcentajeMayores65>
                </Demograficas>
                <Economicas>
                    <RentaPerCapita>24000</RentaPerCapita>
                    <TasaDesempleo>11.0</TasaDesempleo>
                </Economicas>
            </Estadisticas>
            <PatrimonioArquitectonico>
                <Elemento>
                    <Nombre>Torre de Hércules</Nombre>
                    <SigloOrigen>I</SigloOrigen>
                </Elemento>
            </PatrimonioArquitectonico>
        </Ciudad>
        <Ciudad>
            <Nombre>Bilbao</Nombre>
			      <CCAA>CA07</CCAA>
            <Estadisticas>
                <Demograficas>
                    <NumeroHabitantes>345141</NumeroHabitantes>
                    <NumeroHijosPorMujer>1.4</NumeroHijosPorMujer>
                    <PorcentajeMayores65>21.0</PorcentajeMayores65>
                </Demograficas>
                <Economicas>
                    <RentaPerCapita>30000</RentaPerCapita>
                    <TasaDesempleo>13.0</TasaDesempleo>
                </Economicas>
            </Estadisticas>
            <PatrimonioArquitectonico>
                <Elemento>
                    <Nombre>Museo Guggenheim</Nombre>
                    <SigloOrigen>XX</SigloOrigen>
                </Elemento>
            </PatrimonioArquitectonico>
        </Ciudad>
        <Ciudad>
            <Nombre>San Sebastián</Nombre>
            <CCAA>CA07</CCAA>
            <Estadisticas>
                <Demograficas>
                    <NumeroHabitantes>188102</NumeroHabitantes>
                    <NumeroHijosPorMujer>1.5</NumeroHijosPorMujer>
                    <PorcentajeMayores65>23.1</PorcentajeMayores65>
                </Demograficas>
                <Economicas>
                    <RentaPerCapita>32000</RentaPerCapita>
                    <TasaDesempleo>10.5</TasaDesempleo>
                </Economicas>
            </Estadisticas>
            <PatrimonioArquitectonico>
                <Elemento>
                    <Nombre>Peine del Viento</Nombre>
                    <SigloOrigen>XX</SigloOrigen>
                </Elemento>
            </PatrimonioArquitectonico>
        </Ciudad>
        <Ciudad>
            <Nombre>Vitoria-Gasteiz</Nombre>
			      <CCAA>CA07</CCAA>
            <Estadisticas>
                <Demograficas>
                    <NumeroHabitantes>252571</NumeroHabitantes>
                    <NumeroHijosPorMujer>1.4</NumeroHijosPorMujer>
                    <PorcentajeMayores65>19.6</PorcentajeMayores65>
                </Demograficas>
                <Economicas>
                    <RentaPerCapita>29000</RentaPerCapita>
                    <TasaDesempleo>11.5</TasaDesempleo>
                </Economicas>
            </Estadisticas>
            <PatrimonioArquitectonico>
                <Elemento>
                    <Nombre>Catedral de Santa María</Nombre>
                    <SigloOrigen>XIV</SigloOrigen>
                </Elemento>
            </PatrimonioArquitectonico>
        </Ciudad>
        <Ciudad>
            <Nombre>Valencia</Nombre>
			      <CCAA>CA04</CCAA>
            <Estadisticas>
                <Demograficas>
                    <NumeroHabitantes>791413</NumeroHabitantes>
                    <NumeroHijosPorMujer>1.3</NumeroHijosPorMujer>
                    <PorcentajeMayores65>18.7</PorcentajeMayores65>
                </Demograficas>
                <Economicas>
                    <RentaPerCapita>25000</RentaPerCapita>
                    <TasaDesempleo>14.5</TasaDesempleo>
                </Economicas>
            </Estadisticas>
            <PatrimonioArquitectonico>
                <Elemento>
                    <Nombre>Catedral de Valencia</Nombre>
                    <SigloOrigen>XIII</SigloOrigen>
                </Elemento>
            </PatrimonioArquitectonico>
        </Ciudad>
        <Ciudad>
            <Nombre>Alicante</Nombre>
            <CCAA>CA04</CCAA>
            <Estadisticas>
                <Demograficas>
                    <NumeroHabitantes>337482</NumeroHabitantes>
                    <NumeroHijosPorMujer>1.2</NumeroHijosPorMujer>
                    <PorcentajeMayores65>19.1</PorcentajeMayores65>
                </Demograficas>
                <Economicas>
                    <RentaPerCapita>24000</RentaPerCapita>
                    <TasaDesempleo>15.0</TasaDesempleo>
                </Economicas>
            </Estadisticas>
            <PatrimonioArquitectonico>
                <Elemento>
                    <Nombre>Castillo de Santa Bárbara</Nombre>
                    <SigloOrigen>XVI</SigloOrigen>
                </Elemento>
            </PatrimonioArquitectonico>
        </Ciudad>
        <Ciudad>
            <Nombre>Castellón de la Plana</Nombre>
			      <CCAA>CA04</CCAA>
            <Estadisticas>
                <Demograficas>
                    <NumeroHabitantes>171728</NumeroHabitantes>
                    <NumeroHijosPorMujer>1.3</NumeroHijosPorMujer>
                    <PorcentajeMayores65>18.6</PorcentajeMayores65>
                </Demograficas>
                <Economicas>
                    <RentaPerCapita>23000</RentaPerCapita>
                    <TasaDesempleo>14.0</TasaDesempleo>
                </Economicas>
            </Estadisticas>
            <PatrimonioArquitectonico>
                <Elemento>
                    <Nombre>Concatedral de Santa María</Nombre>
                    <SigloOrigen>XIII</SigloOrigen>
                </Elemento>
            </PatrimonioArquitectonico>
        </Ciudad>
        <Ciudad>
            <Nombre>Palma</Nombre>
            <CCAA>CA15</CCAA>
            <Estadisticas>
                <Demograficas>
                    <NumeroHabitantes>409661</NumeroHabitantes>
                    <NumeroHijosPorMujer>1.2</NumeroHijosPorMujer>
                    <PorcentajeMayores65>17.6</PorcentajeMayores65>
                </Demograficas>
                <Economicas>
                    <RentaPerCapita>27000</RentaPerCapita>
                    <TasaDesempleo>11.5</TasaDesempleo>
                </Economicas>
            </Estadisticas>
            <PatrimonioArquitectonico>
                <Elemento>
                    <Nombre>Catedral de Palma</Nombre>
                    <SigloOrigen>XIV</SigloOrigen>
                </Elemento>
            </PatrimonioArquitectonico>
        </Ciudad>
        <Ciudad>
            <Nombre>Ibiza</Nombre>
			      <CCAA>CA15</CCAA>
            <Estadisticas>
                <Demograficas>
                    <NumeroHabitantes>49978</NumeroHabitantes>
                    <NumeroHijosPorMujer>1.3</NumeroHijosPorMujer>
                    <PorcentajeMayores65>16.4</PorcentajeMayores65>
                </Demograficas>
                <Economicas>
                    <RentaPerCapita>26000</RentaPerCapita>
                    <TasaDesempleo>13.0</TasaDesempleo>
                </Economicas>
            </Estadisticas>
            <PatrimonioArquitectonico>
                <Elemento>
                    <Nombre>Dalt Vila</Nombre>
                    <SigloOrigen>XVI</SigloOrigen>
                </Elemento>
            </PatrimonioArquitectonico>
        </Ciudad>
        <Ciudad>
            <Nombre>Manacor</Nombre>
			      <CCAA>CA15</CCAA>
            <Estadisticas>
                <Demograficas>
                    <NumeroHabitantes>42961</NumeroHabitantes>
                    <NumeroHijosPorMujer>1.4</NumeroHijosPorMujer>
                    <PorcentajeMayores65>18.1</PorcentajeMayores65>
                </Demograficas>
                <Economicas>
                    <RentaPerCapita>25000</RentaPerCapita>
                    <TasaDesempleo>12.0</TasaDesempleo>
                </Economicas>
            </Estadisticas>
            <PatrimonioArquitectonico>
                <Elemento>
                    <Nombre>Torre dels Enagistes</Nombre>
                    <SigloOrigen>XIV</SigloOrigen>
                </Elemento>
            </PatrimonioArquitectonico>
        </Ciudad>
</Ciudades>
<!--     -->
</Ejercicio_LMSGI>