<?xml version="1.0" encoding="UTF-8"?>
<project-private xmlns="http://www.netbeans.org/ns/project-private/1">
    <editor-bookmarks xmlns="http://www.netbeans.org/ns/editor-bookmarks/2" lastBookmarkId="0"/>
    <open-files xmlns="http://www.netbeans.org/ns/projectui-open-files/2">
        <group>
            <file>file:/D:/_instituto_/C2/PROG/Tarea07/JavaApplication9/src/tarea3/Viento.java</file>
            <file>file:/D:/_instituto_/C2/PROG/Tarea07/JavaApplication9/src/tarea2/Perro.java</file>
            <file>file:/D:/_instituto_/C2/PROG/Tarea07/JavaApplication9/src/tarea3/Instrumento.java</file>
            <file>file:/D:/_instituto_/C2/PROG/Tarea07/JavaApplication9/src/tarea3/MainTarea3.java</file>
            <file>file:/D:/_instituto_/C2/PROG/Tarea07/JavaApplication9/src/Main.java</file>
            <file>file:/D:/_instituto_/C2/PROG/Tarea07/JavaApplication9/src/tarea3/Percusion.java</file>
            <file>file:/D:/_instituto_/C2/PROG/Tarea07/JavaApplication9/src/tarea3/Cuerda.java</file>
        </group>
    </open-files>
</project-private>
