<?xml version="1.0" encoding="UTF-8"?>
<project-private xmlns="http://www.netbeans.org/ns/project-private/1">
    <editor-bookmarks xmlns="http://www.netbeans.org/ns/editor-bookmarks/2" lastBookmarkId="0"/>
    <open-files xmlns="http://www.netbeans.org/ns/projectui-open-files/2">
        <group>
            <file>file:/D:/_instituto_/C2/DAW_PROG/suzdalenko_alexey_PROG06/App/src/app/Legends.java</file>
            <file>file:/D:/_instituto_/C2/DAW_PROG/suzdalenko_alexey_PROG06/App/src/app/Main.java</file>
            <file>file:/D:/_instituto_/C2/DAW_PROG/suzdalenko_alexey_PROG06/App/src/app/Reservations.java</file>
        </group>
    </open-files>
</project-private>
