<?xml version="1.0" encoding="UTF-8"?>
<project-private xmlns="http://www.netbeans.org/ns/project-private/1">
    <editor-bookmarks xmlns="http://www.netbeans.org/ns/editor-bookmarks/2" lastBookmarkId="0"/>
    <open-files xmlns="http://www.netbeans.org/ns/projectui-open-files/2">
        <group>
            <file>file:/D:/_instituto_/Programación%20-%20DAW%20Tarea%209%20PROG/PROG09/src/prog09/Producto.java</file>
            <file>file:/D:/_instituto_/Programación%20-%20DAW%20Tarea%209%20PROG/PROG09/src/prog09/Main.java</file>
            <file>file:/D:/_instituto_/Programación%20-%20DAW%20Tarea%209%20PROG/PROG09/src/prog09/Libro.java</file>
            <file>file:/D:/_instituto_/Programación%20-%20DAW%20Tarea%209%20PROG/PROG09/src/prog09/Util.java</file>
            <file>file:/D:/_instituto_/Programación%20-%20DAW%20Tarea%209%20PROG/PROG09/src/prog09/Comic.java</file>
        </group>
    </open-files>
</project-private>
